user_id,age,subscription_tier,ab_test_group,daily_steps_avg,sleep_quality_score,supplement_purchases,churned_within_6mo
1001,58.8,Basic,Variant_B,2116.0,4.8,0,1
1002,48.6,Basic,Control,4981.0,9.8,0,1
1003,47.3,Basic,Control,2529.0,5.1,0,0
1004,47.3,Basic,Variant_B,3233.0,6.1,0,1
1005,80.8,Free,Variant_B,2784.0,4.9,0,1
1006,63.7,Basic,Variant_B,2857.0,6.3,1,1
1007,44.1,Free,Control,3041.0,3.4,0,1
1008,59.6,Free,Control,1613.0,4.7,0,1
1009,54.5,Free,Variant_B,4362.0,4.8,0,1
1010,29.4,Basic,Variant_B,5218.0,6.9,1,1
1011,37.6,Premium,Variant_B,3565.0,7.7,0,0
1012,55.7,Basic,Variant_B,1863.0,6.6,1,1
1013,78.2,Basic,Variant_B,2156.0,2.2,0,1
1014,47.4,Basic,Control,2088.0,8.8,0,1
1015,43.1,Basic,Control,3644.0,6.7,2,1
1016,52.4,Free,Variant_B,2224.0,4.6,0,1
1017,42.4,Free,Control,5317.0,7.0,0,0
1018,46.5,Free,Control,4262.0,6.7,2,1
1019,50.5,Free,Variant_B,3203.0,5.1,1,1
1020,37.1,Free,Variant_B,4284.0,6.7,0,1
1021,64.8,Free,Control,3811.0,5.4,1,1
1022,35.5,Free,Control,2727.0,5.3,1,1
1023,34.4,Premium,Control,4495.0,5.5,3,1
1024,53.7,Free,Variant_B,3003.0,3.9,0,1
1025,63.2,Free,Variant_B,3599.0,6.4,0,1
1026,53.3,Free,Control,3073.0,6.9,0,1
1027,48.9,Basic,Control,1444.0,6.3,2,1
1028,46.3,Free,Variant_B,2271.0,7.0,0,1
1029,44.2,Free,Control,3042.0,6.5,0,1
1030,69.4,Basic,Variant_B,2536.0,5.0,1,1
1031,55.8,Free,Variant_B,4856.0,7.9,0,1
1032,45.2,Free,Control,1710.0,3.5,0,1
1033,41.5,Free,Variant_B,3676.0,4.9,0,1
1034,60.8,Free,Control,4273.0,5.0,0,1
1035,68.9,Free,Control,4894.0,8.3,0,1
1036,66.9,Free,Variant_B,2258.0,7.2,2,1
1037,39.5,Premium,Control,5700.0,7.6,0,1
1038,46.2,Basic,Variant_B,3646.0,7.8,0,1
1039,43.9,Basic,Variant_B,3317.0,4.8,0,1
1040,47.9,Free,Control,2942.0,6.5,0,1
1041,64.6,Premium,Control,5145.0,6.5,2,1
1042,75.8,Free,Control,1000.0,6.6,2,1
1043,56.4,Free,Control,3553.0,6.0,0,1
1044,41.9,Basic,Control,3289.0,5.5,0,1
1045,50.1,Free,Control,2775.0,6.7,0,1
1046,80.5,Free,Control,4437.0,7.8,0,1
1047,52.0,Basic,Variant_B,2285.0,4.8,0,1
1048,46.4,Premium,Variant_B,4670.0,6.5,2,1
1049,47.5,Free,Variant_B,5042.0,5.1,1,1
1050,56.4,Basic,Control,2041.0,1.9,1,1
1051,39.9,Premium,Control,4652.0,6.9,0,1
1052,43.7,Free,Variant_B,2980.0,6.9,0,1
1053,66.6,Free,Control,3510.0,6.6,1,0
1054,55.9,Free,Control,3090.0,3.1,1,1
1055,52.2,Free,Variant_B,1664.0,5.0,0,1
1056,67.6,Free,Variant_B,2116.0,2.4,0,1
1057,41.2,Premium,Variant_B,4569.0,8.6,2,1
1058,46.0,Basic,Control,3004.0,4.4,0,1
1059,55.4,Basic,Variant_B,3319.0,8.0,0,0
1060,54.8,Free,Variant_B,3323.0,7.5,0,1
1061,33.6,Premium,Variant_B,3552.0,4.8,3,0
1062,44.7,Premium,Variant_B,6170.0,5.4,3,0
1063,48.3,Premium,Variant_B,5287.0,7.3,1,1
1064,57.2,Free,Variant_B,4241.0,5.1,0,1
1065,54.7,Basic,Control,3350.0,6.3,0,1
1066,49.6,Free,Variant_B,4110.0,5.6,0,0
1067,29.4,Free,Variant_B,3879.0,3.6,1,1
1068,50.3,Free,Variant_B,4341.0,3.1,0,0
1069,51.6,Basic,Control,3491.0,6.5,0,1
1070,103.9,Basic,Control,1825.0,4.8,1,1
1071,47.8,Free,Variant_B,5316.0,5.9,0,1
1072,55.4,Free,Variant_B,3780.0,7.3,0,1
1073,71.2,Free,Variant_B,3150.0,7.8,1,1
1074,63.4,Free,Variant_B,1456.0,5.1,0,1
1075,76.8,Free,Variant_B,1176.0,4.9,0,1
1076,33.7,Free,Variant_B,3618.0,7.0,0,1
1077,37.9,Basic,Variant_B,3388.0,4.1,0,1
1078,42.8,Free,Variant_B,2529.0,6.2,1,0
1079,32.4,Free,Variant_B,3493.0,7.0,0,1
1080,51.7,Free,Control,4554.0,7.5,1,1
1081,38.6,Premium,Control,5923.0,4.1,1,1
1082,80.2,Basic,Variant_B,1256.0,4.3,0,1
1083,40.2,Basic,Control,3085.0,4.7,0,1
1084,46.0,Free,Control,2274.0,5.9,0,1
1085,64.6,Basic,Control,2321.0,6.5,0,1
1086,35.4,Free,Control,2879.0,8.2,1,1
1087,31.9,Basic,Control,2885.0,5.2,0,1
1088,53.5,Premium,Control,3674.0,5.5,0,1
1089,54.8,Basic,Variant_B,2777.0,7.7,0,1
1090,64.0,Premium,Variant_B,4160.0,6.8,0,1
1091,59.2,Basic,Control,1000.0,7.2,1,1
1092,55.4,Free,Control,4946.0,7.1,0,1
1093,41.4,Premium,Variant_B,6260.0,5.4,2,1
1094,54.3,Free,Control,2538.0,3.8,2,0
1095,55.3,Basic,Variant_B,2913.0,3.6,0,1
1096,41.0,Free,Variant_B,2008.0,6.7,0,1
1097,87.8,Free,Variant_B,3940.0,8.1,1,1
1098,58.4,Free,Control,4730.0,9.4,0,1
1099,38.0,Free,Variant_B,3396.0,7.4,1,1
1100,64.1,Free,Control,3742.0,8.0,1,1
1101,67.5,Basic,Variant_B,2825.0,5.1,0,0
1102,57.3,Free,Variant_B,1517.0,3.8,0,1
1103,47.1,Free,Control,2646.0,7.2,1,1
1104,40.5,Basic,Control,3321.0,6.7,0,1
1105,49.5,Free,Control,2555.0,6.0,0,1
1106,56.1,Basic,Variant_B,2659.0,6.5,1,1
1107,50.9,Basic,Control,2891.0,6.4,0,1
1108,77.9,Premium,Variant_B,4360.0,8.4,2,1
1109,61.1,Basic,Control,2831.0,7.9,0,1
1110,39.3,Free,Variant_B,2153.0,6.5,0,1
1111,37.0,Basic,Variant_B,2543.0,7.1,1,1
1112,58.5,Free,Variant_B,1545.0,6.3,0,1
1113,47.4,Free,Variant_B,4030.0,5.7,0,1
1114,62.7,Basic,Control,1000.0,6.5,0,1
1115,58.4,Free,Control,3986.0,4.2,0,1
1116,49.6,Basic,Variant_B,4395.0,8.0,0,1
1117,39.5,Premium,Control,4909.0,4.8,1,1
1118,32.7,Premium,Control,2743.0,6.3,1,1
1119,54.0,Premium,Control,4558.0,5.3,2,1
1120,35.2,Free,Control,3231.0,6.9,0,1
1121,39.0,Free,Control,2209.0,5.7,0,0
1122,53.0,Basic,Variant_B,2424.0,3.4,2,1
1123,51.6,Free,Control,4499.0,7.1,0,1
1124,36.3,Basic,Variant_B,3940.0,5.4,0,1
1125,69.9,Basic,Control,1677.0,6.9,0,0
1126,69.3,Basic,Variant_B,1016.0,5.3,0,1
1127,59.1,Free,Control,2491.0,6.4,0,0
1128,59.1,Free,Variant_B,2605.0,4.4,1,1
1129,59.1,Free,Variant_B,3314.0,5.2,0,1
1130,150.4,Free,Control,1000.0,4.6,0,1
1131,67.3,Premium,Variant_B,5165.0,8.0,4,0
1132,61.5,Free,Variant_B,4704.0,9.1,1,1
1133,40.3,Free,Variant_B,4009.0,5.1,0,1
1134,47.2,Free,Variant_B,3008.0,7.6,1,1
1135,99.7,Basic,Control,1824.0,2.4,0,1
1136,29.8,Basic,Variant_B,3048.0,4.2,0,1
1137,44.0,Free,Control,4300.0,5.0,0,1
1138,70.1,Free,Control,1972.0,3.6,0,1
1139,41.0,Free,Variant_B,3225.0,3.7,0,1
1140,62.1,Free,Control,2810.0,6.6,0,1
1141,51.4,Basic,Variant_B,2471.0,5.5,0,1
1142,41.8,Basic,Variant_B,1792.0,6.2,1,1
1143,28.6,Free,Variant_B,3751.0,7.3,0,1
1144,53.6,Free,Variant_B,2868.0,6.4,0,1
1145,40.1,Premium,Control,5698.0,7.9,1,1
1146,49.0,Free,Control,2487.0,5.7,0,0
1147,58.9,Basic,Control,4043.0,4.6,0,1
1148,65.6,Free,Control,1812.0,7.2,1,1
1149,44.0,Free,Control,4832.0,5.7,3,0
1150,41.7,Free,Control,1417.0,4.1,0,0
1151,35.1,Basic,Variant_B,3733.0,6.0,0,1
1152,66.6,Premium,Variant_B,5143.0,5.3,2,1
1153,94.4,Free,Control,1316.0,4.8,0,1
1154,68.9,Free,Variant_B,3046.0,6.5,0,1
1155,73.8,Free,Control,3803.0,6.8,0,1
1156,41.1,Free,Control,1000.0,4.0,0,1
1157,57.8,Free,Variant_B,3346.0,5.4,0,1
1158,63.8,Free,Variant_B,1000.0,6.9,1,1
1159,22.1,Basic,Variant_B,2593.0,6.6,0,1
1160,37.5,Free,Control,4879.0,9.7,0,0
1161,82.1,Free,Variant_B,1776.0,7.4,0,1
1162,33.5,Premium,Variant_B,4157.0,8.1,1,0
1163,77.7,Free,Variant_B,2249.0,3.7,0,0
1164,33.4,Premium,Variant_B,7400.0,8.6,2,0
1165,38.0,Free,Variant_B,1409.0,5.4,0,1
1166,58.2,Premium,Variant_B,3785.0,5.4,0,1
1167,51.7,Basic,Variant_B,4463.0,6.7,0,1
1168,45.2,Premium,Variant_B,6954.0,8.7,4,1
1169,81.0,Premium,Variant_B,4277.0,7.2,1,1
1170,35.3,Free,Control,2055.0,4.4,1,0
1171,48.4,Premium,Variant_B,7127.0,8.5,6,1
1172,60.4,Free,Control,4387.0,5.5,1,1
1173,55.1,Free,Control,3577.0,6.5,0,1
1174,42.1,Free,Variant_B,2345.0,5.3,0,1
1175,42.5,Basic,Variant_B,3100.0,5.7,0,0
1176,65.3,Free,Variant_B,2534.0,7.0,0,1
1177,66.2,Basic,Control,3006.0,4.4,0,1
1178,55.5,Basic,Variant_B,4340.0,9.4,1,1
1179,39.7,Basic,Control,4086.0,3.6,0,1
1180,42.9,Premium,Variant_B,4064.0,5.5,0,1
1181,50.4,Free,Variant_B,4369.0,7.0,0,1
1182,52.5,Free,Variant_B,3264.0,7.0,0,1
1183,59.7,Free,Variant_B,3494.0,6.0,0,0
1184,47.7,Free,Variant_B,4512.0,6.4,1,0
1185,64.8,Free,Variant_B,1592.0,6.1,1,1
1186,64.6,Free,Control,2673.0,5.5,0,1
1187,74.7,Free,Control,1976.0,7.7,0,1
1188,51.0,Premium,Variant_B,3412.0,7.4,0,1
1189,55.8,Basic,Variant_B,3230.0,7.4,1,1
1190,48.7,Free,Control,5537.0,5.4,0,1
1191,39.8,Basic,Variant_B,1364.0,5.3,0,1
1192,93.6,Free,Control,2095.0,5.2,0,1
1193,71.5,Free,Variant_B,3211.0,4.6,1,1
1194,64.2,Basic,Variant_B,2840.0,6.5,0,1
1195,50.5,Free,Variant_B,2877.0,5.2,0,1
1196,38.9,Free,Variant_B,1923.0,6.6,0,1
1197,67.7,Premium,Control,4878.0,5.0,1,0
1198,48.5,Premium,Control,4273.0,9.0,0,1
1199,57.3,Basic,Variant_B,1000.0,4.0,1,1
1200,42.9,Basic,Variant_B,4337.0,6.8,0,1
1201,54.5,Basic,Control,3868.0,7.5,1,1
1202,43.6,Free,Variant_B,3180.0,5.2,0,1
1203,44.0,Free,Control,3348.0,7.4,0,1
1204,54.3,Free,Variant_B,3988.0,4.5,0,0
1205,33.3,Free,Variant_B,3558.0,8.4,0,1
1206,33.7,Basic,Control,4231.0,6.4,1,0
1207,41.0,Free,Control,2883.0,5.1,1,1
1208,47.5,Premium,Variant_B,6361.0,6.7,1,1
1209,65.4,Premium,Variant_B,5012.0,7.9,3,1
1210,48.3,Basic,Variant_B,3228.0,5.2,1,1
1211,50.4,Basic,Variant_B,1722.0,4.5,1,1
1212,46.5,Premium,Variant_B,5357.0,6.5,2,1
1213,55.8,Free,Variant_B,2052.0,3.9,0,1
1214,39.7,Basic,Variant_B,2568.0,8.6,0,1
1215,49.0,Free,Control,2204.0,4.9,0,1
1216,57.1,Basic,Control,1791.0,6.8,0,1
1217,54.2,Free,Control,5041.0,7.0,1,0
1218,50.9,Premium,Variant_B,6314.0,5.6,2,1
1219,51.0,Premium,Control,6900.0,7.3,4,1
1220,58.8,Free,Variant_B,1601.0,6.7,0,1
1221,95.2,Free,Variant_B,2166.0,5.4,1,1
1222,40.4,Premium,Variant_B,3899.0,8.1,1,1
1223,96.2,Free,Control,1380.0,7.0,1,1
1224,39.9,Premium,Control,4284.0,7.8,1,1
1225,27.9,Basic,Control,4681.0,5.9,0,0
1226,43.3,Free,Control,2737.0,4.3,0,1
1227,56.1,Free,Control,3946.0,5.4,1,1
1228,88.0,Free,Variant_B,2843.0,6.2,2,1
1229,38.9,Basic,Variant_B,5526.0,7.7,1,1
1230,58.7,Free,Variant_B,1347.0,2.2,0,1
1231,34.5,Basic,Variant_B,4569.0,6.5,0,1
1232,86.9,Free,Control,3408.0,6.4,0,1
1233,71.9,Basic,Variant_B,1588.0,5.1,0,1
1234,44.1,Premium,Variant_B,6126.0,9.0,2,0
1235,31.0,Premium,Control,5716.0,7.5,1,1
1236,75.7,Free,Variant_B,2258.0,7.7,1,1
1237,49.0,Premium,Control,4197.0,6.1,0,1
1238,73.2,Basic,Variant_B,1817.0,7.0,0,1
1239,50.7,Basic,Variant_B,5035.0,9.1,0,1
1240,51.4,Premium,Control,4973.0,8.6,2,1
1241,44.3,Free,Variant_B,3896.0,4.7,0,0
1242,61.0,Free,Variant_B,1989.0,5.3,0,1
1243,52.5,Premium,Variant_B,4170.0,5.9,2,1
1244,59.1,Free,Control,3900.0,7.0,0,1
1245,32.5,Premium,Variant_B,4000.0,7.4,0,1
1246,74.0,Premium,Control,4104.0,5.1,1,1
1247,80.2,Free,Control,2430.0,5.9,1,1
1248,52.4,Premium,Control,5062.0,3.7,2,1
1249,92.8,Free,Variant_B,1965.0,7.8,0,1
1250,85.0,Basic,Variant_B,2695.0,5.1,0,1
1251,61.4,Basic,Variant_B,3464.0,6.2,0,1
1252,76.0,Premium,Variant_B,5214.0,6.3,2,1
1253,69.4,Free,Control,1626.0,7.3,1,1
1254,30.6,Free,Control,3103.0,1.8,0,1
1255,46.8,Basic,Control,4260.0,6.4,3,1
1256,62.8,Basic,Control,3639.0,6.1,0,1
1257,82.0,Basic,Control,1000.0,4.7,0,1
1258,33.9,Free,Control,3673.0,8.8,0,1
1259,31.1,Free,Control,1400.0,4.1,1,1
1260,49.8,Free,Control,3050.0,7.2,0,0
1261,28.3,Premium,Control,7331.0,8.0,3,0
1262,49.3,Free,Control,2065.0,7.6,0,1
1263,56.5,Free,Variant_B,2035.0,4.7,0,1
1264,38.4,Premium,Variant_B,5996.0,5.9,1,1
1265,49.7,Free,Variant_B,1463.0,7.1,0,1
1266,67.3,Premium,Control,4020.0,7.0,4,1
1267,43.3,Basic,Control,3731.0,3.9,0,1
1268,40.1,Premium,Variant_B,4564.0,5.7,0,1
1269,49.1,Free,Control,2783.0,6.5,0,1
1270,37.4,Free,Control,3997.0,7.6,3,1
1271,90.3,Basic,Control,2616.0,4.9,1,1
1272,51.2,Premium,Control,5243.0,2.4,0,1
1273,41.2,Basic,Control,2837.0,6.7,0,1
1274,54.0,Free,Control,3290.0,4.3,0,1
1275,49.0,Basic,Variant_B,2896.0,2.9,0,1
1276,47.4,Basic,Control,3509.0,1.9,0,0
1277,43.3,Basic,Control,2637.0,7.1,0,1
1278,42.7,Basic,Variant_B,2963.0,6.2,0,0
1279,32.7,Premium,Control,4356.0,6.1,2,0
1280,76.0,Basic,Control,2445.0,7.9,2,1
1281,60.2,Free,Variant_B,1985.0,6.6,0,1
1282,55.6,Free,Control,1774.0,8.0,0,0
1283,48.8,Free,Control,3283.0,4.0,0,0
1284,38.2,Free,Control,3448.0,6.1,1,1
1285,40.5,Free,Control,3973.0,3.9,0,1
1286,33.5,Free,Variant_B,2898.0,5.6,2,1
1287,41.8,Free,Variant_B,3571.0,5.8,0,0
1288,36.9,Free,Control,3813.0,7.2,1,1
1289,83.4,Premium,Variant_B,4777.0,6.7,1,1
1290,65.9,Premium,Variant_B,3856.0,7.2,0,1
1291,51.9,Free,Control,3112.0,7.1,1,1
1292,39.3,Premium,Variant_B,5578.0,10.0,1,1
1293,37.4,Basic,Control,3260.0,5.6,1,1
1294,47.9,Free,Control,1000.0,3.9,1,1
1295,66.8,Free,Control,2825.0,6.3,0,1
1296,33.8,Basic,Control,5537.0,5.6,0,1
1297,59.9,Basic,Control,2441.0,8.0,0,1
1298,41.8,Basic,Variant_B,2436.0,5.4,0,1
1299,43.8,Free,Control,3497.0,5.3,0,1
1300,51.4,Free,Control,3284.0,5.4,1,1
1301,39.6,Free,Control,4400.0,7.5,0,1
1302,47.2,Free,Variant_B,1798.0,5.4,0,1
1303,38.8,Free,Variant_B,3956.0,5.4,1,1
1304,42.7,Free,Variant_B,3736.0,8.7,0,1
1305,63.5,Premium,Variant_B,4588.0,5.2,2,1
1306,52.2,Premium,Variant_B,5295.0,6.8,0,1
1307,63.4,Free,Control,3762.0,7.2,0,1
1308,41.6,Premium,Variant_B,6040.0,4.6,1,1
1309,60.1,Free,Variant_B,1655.0,6.3,0,1
1310,31.7,Free,Variant_B,4186.0,4.8,0,1
1311,51.4,Free,Variant_B,2907.0,7.2,0,1
1312,61.3,Basic,Control,2847.0,4.5,2,1
1313,31.4,Premium,Control,5445.0,7.9,0,1
1314,41.8,Basic,Control,3014.0,7.7,0,1
1315,51.4,Free,Variant_B,4164.0,7.7,0,1
1316,68.4,Basic,Control,2549.0,6.2,0,1
1317,42.7,Free,Control,2027.0,5.3,1,1
1318,59.4,Premium,Variant_B,4419.0,5.6,1,1
1319,77.7,Basic,Control,2625.0,8.1,0,1
1320,60.2,Free,Variant_B,4025.0,5.3,0,1
1321,47.7,Basic,Control,3649.0,4.7,0,1
1322,56.6,Basic,Control,2017.0,6.7,0,1
1323,42.4,Free,Control,5638.0,5.7,1,1
1324,52.0,Basic,Variant_B,3225.0,4.6,2,1
1325,48.4,Free,Control,4308.0,4.3,1,1
1326,56.0,Basic,Control,2727.0,5.2,1,1
1327,44.8,Premium,Variant_B,5637.0,6.8,1,1
1328,57.0,Premium,Control,5699.0,7.3,0,1
1329,44.7,Basic,Variant_B,4324.0,7.9,1,1
1330,65.7,Basic,Variant_B,3744.0,7.0,1,1
1331,46.0,Free,Control,3953.0,6.0,1,1
1332,28.5,Basic,Variant_B,3114.0,5.7,0,1
1333,37.7,Free,Control,2675.0,6.7,0,1
1334,50.9,Free,Variant_B,3314.0,8.0,1,1
1335,83.1,Free,Control,3270.0,6.3,0,1
1336,64.9,Free,Variant_B,2480.0,5.1,0,1
1337,27.3,Basic,Control,4518.0,5.0,1,0
1338,33.0,Free,Variant_B,4792.0,4.4,1,1
1339,71.2,Basic,Control,1660.0,6.6,2,1
1340,61.2,Free,Control,1939.0,6.5,0,1
1341,98.4,Free,Control,1891.0,6.5,0,1
1342,44.2,Basic,Control,3424.0,5.9,0,1
1343,39.4,Free,Variant_B,2687.0,8.0,0,1
1344,51.8,Free,Control,4317.0,5.7,1,1
1345,44.0,Basic,Variant_B,3545.0,7.6,1,1
1346,69.0,Free,Variant_B,2659.0,5.8,1,1
1347,43.5,Premium,Variant_B,3693.0,5.3,1,1
1348,46.8,Free,Control,1749.0,6.5,0,1
1349,38.0,Free,Control,3521.0,6.8,0,1
1350,63.5,Basic,Variant_B,1000.0,5.9,0,1
1351,38.6,Free,Control,4240.0,6.5,1,1
1352,57.3,Free,Control,2695.0,5.8,0,1
1353,88.1,Free,Variant_B,5482.0,10.0,0,1
1354,30.5,Free,Variant_B,5698.0,8.7,1,1
1355,78.9,Premium,Variant_B,4240.0,7.5,3,1
1356,55.1,Free,Control,2792.0,6.1,1,1
1357,36.4,Basic,Variant_B,4267.0,7.9,0,1
1358,52.3,Premium,Control,6656.0,8.0,3,1
1359,62.9,Free,Control,1104.0,5.4,0,1
1360,40.1,Premium,Variant_B,3411.0,5.7,1,1
1361,58.3,Free,Control,2211.0,5.6,1,1
1362,81.2,Premium,Control,4959.0,1.9,1,1
1363,43.5,Free,Control,3626.0,6.5,0,0
1364,37.9,Basic,Variant_B,4312.0,5.7,0,1
1365,48.8,Free,Variant_B,1824.0,8.0,0,1
1366,51.5,Free,Variant_B,1000.0,5.4,0,1
1367,70.2,Basic,Variant_B,3455.0,4.4,0,1
1368,48.3,Basic,Control,2205.0,5.7,0,1
1369,44.6,Free,Control,1089.0,3.8,0,1
1370,37.6,Free,Control,3393.0,6.8,0,1
1371,31.5,Basic,Control,4163.0,6.8,0,1
1372,34.8,Basic,Control,3182.0,7.5,1,1
1373,34.7,Premium,Variant_B,4847.0,5.4,1,0
1374,46.9,Basic,Control,2903.0,6.0,0,1
1375,32.8,Premium,Control,4973.0,4.6,2,1
1376,49.9,Basic,Control,1655.0,6.6,0,1
1377,87.4,Free,Control,1538.0,6.3,0,1
1378,70.8,Free,Variant_B,3105.0,6.8,1,1
1379,46.8,Basic,Control,3386.0,6.1,0,1
1380,107.1,Basic,Control,2027.0,6.3,0,1
1381,51.6,Free,Variant_B,1973.0,8.1,0,1
1382,53.8,Free,Control,2743.0,5.5,1,1
1383,48.5,Premium,Control,2852.0,6.2,0,1
1384,50.2,Basic,Control,3175.0,4.4,0,1
1385,43.1,Free,Variant_B,4566.0,5.2,1,0
1386,47.0,Free,Variant_B,1587.0,5.7,0,1
1387,79.1,Free,Variant_B,1832.0,7.3,0,1
1388,73.4,Free,Control,2862.0,5.6,0,1
1389,28.3,Free,Variant_B,4687.0,6.2,2,1
1390,33.7,Free,Control,2878.0,5.3,0,1
1391,40.3,Basic,Control,2503.0,5.0,0,1
1392,67.0,Free,Control,1000.0,5.8,0,1
1393,73.9,Premium,Control,4625.0,4.3,0,1
1394,62.8,Premium,Variant_B,6785.0,9.2,3,1
1395,36.4,Free,Variant_B,3549.0,5.2,0,1
1396,43.4,Basic,Variant_B,3111.0,7.1,0,1
1397,58.6,Free,Variant_B,3149.0,4.1,1,1
1398,47.2,Premium,Variant_B,5046.0,7.7,2,1
1399,45.3,Free,Control,2281.0,6.8,0,1
1400,45.5,Basic,Control,3913.0,6.9,0,1
1401,71.5,Basic,Variant_B,2795.0,4.4,0,1
1402,60.5,Free,Control,2808.0,6.3,0,0
1403,46.2,Free,Variant_B,2101.0,3.9,0,1
1404,55.9,Basic,Control,4186.0,6.0,1,1
1405,35.2,Basic,Control,3961.0,7.9,0,1
1406,43.4,Free,Control,2579.0,7.1,0,1
1407,69.2,Basic,Control,3617.0,6.2,0,1
1408,32.3,Free,Control,2856.0,4.5,0,1
1409,60.7,Basic,Variant_B,2004.0,6.6,1,1
1410,28.2,Free,Control,2676.0,5.9,0,1
1411,83.6,Premium,Variant_B,2557.0,2.4,0,1
1412,43.1,Free,Control,3610.0,7.4,0,1
1413,57.1,Free,Control,1027.0,5.3,0,1
1414,52.4,Free,Control,1723.0,7.4,0,1
1415,53.0,Free,Variant_B,1000.0,3.7,0,1
1416,55.5,Basic,Control,2803.0,1.2,0,1
1417,31.0,Free,Variant_B,3229.0,6.5,0,1
1418,53.3,Premium,Control,4607.0,7.0,2,1
1419,48.0,Free,Variant_B,1998.0,3.1,0,1
1420,43.2,Free,Control,1964.0,4.2,0,1
1421,40.3,Free,Variant_B,3659.0,10.0,0,0
1422,53.7,Free,Variant_B,2375.0,5.3,0,1
1423,38.0,Free,Variant_B,3556.0,7.3,0,1
1424,68.8,Free,Control,1738.0,4.6,0,1
1425,58.3,Free,Control,3014.0,2.9,2,1
1426,54.7,Free,Control,4209.0,6.1,0,1
1427,67.9,Basic,Variant_B,3228.0,5.7,0,1
1428,30.0,Basic,Variant_B,2988.0,5.4,0,1
1429,34.9,Free,Variant_B,3559.0,6.0,0,1
1430,59.1,Free,Control,2577.0,6.3,0,1
1431,40.9,Premium,Control,5190.0,6.5,2,1
1432,42.3,Basic,Control,2829.0,4.0,0,1
1433,33.7,Basic,Variant_B,3162.0,6.8,1,1
1434,38.0,Free,Variant_B,3452.0,3.2,0,1
1435,69.3,Basic,Variant_B,1620.0,2.5,0,1
1436,58.7,Basic,Control,1810.0,6.7,1,1
1437,53.5,Basic,Variant_B,1541.0,6.3,1,1
1438,42.7,Premium,Variant_B,3545.0,6.1,1,1
1439,52.5,Free,Control,1732.0,3.5,0,1
1440,71.3,Free,Variant_B,2733.0,4.8,0,1
1441,41.1,Basic,Variant_B,2284.0,5.4,1,0
1442,50.1,Premium,Variant_B,5511.0,4.4,1,1
1443,85.4,Free,Variant_B,2326.0,4.7,0,0
1444,62.6,Free,Control,1000.0,6.3,0,1
1445,42.9,Free,Control,3797.0,8.4,0,1
1446,61.0,Free,Variant_B,3591.0,5.6,1,1
1447,32.2,Basic,Control,2362.0,6.9,1,1
1448,49.6,Basic,Variant_B,3429.0,3.3,1,1
1449,61.0,Free,Variant_B,1924.0,6.6,0,1
1450,56.8,Free,Variant_B,2962.0,4.8,0,1
1451,60.8,Free,Variant_B,1520.0,6.0,0,1
1452,65.0,Free,Control,1000.0,5.0,1,1
1453,58.1,Basic,Control,2455.0,7.8,0,1
1454,57.6,Premium,Control,4724.0,5.3,1,1
1455,53.9,Premium,Control,4524.0,7.4,3,1
1456,36.9,Free,Control,2078.0,5.3,0,1
1457,69.3,Premium,Control,4214.0,6.2,2,0
1458,50.1,Basic,Variant_B,3268.0,5.8,0,1
1459,62.1,Basic,Variant_B,2713.0,4.6,0,1
1460,67.0,Free,Control,2842.0,5.9,3,1
1461,43.5,Free,Control,2461.0,5.7,0,1
1462,44.5,Free,Variant_B,4281.0,6.8,1,1
1463,46.2,Free,Control,1900.0,5.8,0,1
1464,73.6,Free,Control,3016.0,7.2,0,1
1465,38.9,Free,Control,4403.0,7.9,1,1
1466,77.8,Free,Variant_B,2925.0,4.4,0,1
1467,53.7,Basic,Control,2723.0,7.2,0,1
1468,54.9,Free,Variant_B,2374.0,4.0,0,1
1469,66.1,Free,Control,3715.0,7.1,1,1
1470,51.9,Premium,Variant_B,3538.0,7.1,1,0
1471,69.6,Premium,Control,3638.0,3.3,1,1
1472,43.5,Basic,Control,2733.0,6.1,0,1
1473,76.9,Premium,Variant_B,5699.0,6.2,0,1
1474,44.4,Basic,Variant_B,3492.0,5.0,0,1
1475,77.9,Premium,Variant_B,3473.0,8.2,0,1
1476,44.7,Free,Variant_B,2795.0,5.0,0,1
1477,46.6,Free,Variant_B,2454.0,4.6,1,1
1478,37.7,Free,Variant_B,2536.0,6.0,1,1
1479,40.4,Free,Variant_B,4171.0,7.4,0,0
1480,50.1,Free,Control,1625.0,5.3,0,1
1481,54.3,Basic,Control,4522.0,8.3,0,1
1482,67.9,Basic,Control,3470.0,7.0,0,1
1483,47.5,Basic,Variant_B,4140.0,3.1,0,1
1484,36.5,Free,Control,2808.0,5.1,1,1
1485,56.8,Premium,Control,4714.0,5.7,0,1
1486,53.2,Basic,Variant_B,1502.0,6.2,1,1
1487,58.7,Free,Variant_B,2301.0,1.8,1,1
1488,41.9,Basic,Variant_B,3655.0,10.0,1,0
1489,43.3,Free,Control,4431.0,7.3,1,1
1490,41.9,Free,Variant_B,2054.0,5.9,0,1
1491,72.1,Premium,Control,4192.0,8.2,1,1
1492,77.2,Free,Control,2305.0,9.3,0,1
1493,42.8,Free,Control,1749.0,6.9,0,1
1494,43.0,Premium,Control,5731.0,8.3,3,1
1495,61.2,Basic,Control,2052.0,5.9,1,1
1496,80.1,Free,Variant_B,2203.0,5.5,2,1
1497,86.0,Free,Control,1827.0,4.9,1,1
1498,42.2,Free,Variant_B,2366.0,4.5,0,1
1499,45.1,Basic,Variant_B,3090.0,5.0,0,1
1500,55.2,Free,Control,2681.0,3.9,0,1
1501,56.0,Free,Control,2508.0,5.7,1,0
1502,48.1,Premium,Control,4310.0,3.9,0,1
1503,40.0,Basic,Variant_B,3519.0,6.5,0,1
1504,50.2,Free,Control,4650.0,6.5,2,1
1505,86.0,Basic,Control,2420.0,6.0,0,1
1506,43.4,Basic,Control,4127.0,5.6,0,1
1507,54.2,Free,Variant_B,1526.0,10.0,0,1
1508,105.7,Free,Variant_B,2043.0,7.7,0,1
1509,43.3,Premium,Control,4037.0,4.5,2,1
1510,62.1,Free,Variant_B,1281.0,5.8,0,1
1511,87.3,Basic,Variant_B,1515.0,4.6,0,1
1512,60.4,Free,Variant_B,3983.0,4.8,0,1
1513,70.5,Free,Variant_B,3541.0,4.2,0,0
1514,64.7,Free,Variant_B,2949.0,6.6,1,1
1515,59.0,Free,Variant_B,1288.0,4.4,1,1
1516,76.3,Free,Variant_B,2277.0,7.2,1,1
1517,61.5,Free,Control,3072.0,7.5,0,0
1518,48.2,Premium,Control,5211.0,8.8,2,1
1519,52.9,Premium,Control,3097.0,4.8,0,1
1520,56.6,Basic,Variant_B,1978.0,6.4,0,1
1521,45.1,Premium,Variant_B,5034.0,7.6,2,1
1522,53.6,Free,Control,3463.0,5.4,0,1
1523,51.4,Premium,Variant_B,2776.0,4.8,1,1
1524,61.4,Free,Control,2609.0,8.3,0,1
1525,95.5,Premium,Control,4233.0,6.8,0,1
1526,54.6,Premium,Variant_B,5758.0,7.9,0,1
1527,80.8,Basic,Control,3077.0,4.8,1,1
1528,60.7,Premium,Control,5368.0,5.0,1,0
1529,53.6,Basic,Variant_B,2129.0,4.9,0,1
1530,44.4,Free,Variant_B,1205.0,5.2,0,1
1531,53.7,Free,Control,2533.0,4.2,1,1
1532,52.7,Basic,Variant_B,3947.0,6.3,1,1
1533,41.2,Free,Variant_B,4570.0,4.0,0,1
1534,42.9,Basic,Control,3852.0,4.6,1,1
1535,56.7,Premium,Control,5295.0,7.8,3,1
1536,80.5,Free,Variant_B,2769.0,6.8,1,1
1537,49.7,Basic,Control,2450.0,5.2,0,0
1538,33.3,Premium,Variant_B,5204.0,5.2,2,1
1539,27.4,Premium,Variant_B,7121.0,5.8,0,0
1540,37.5,Premium,Variant_B,4307.0,5.9,1,1
1541,62.6,Basic,Control,4363.0,7.4,0,0
1542,34.9,Premium,Variant_B,4980.0,8.1,0,1
1543,65.7,Basic,Control,4011.0,5.6,0,1
1544,61.5,Free,Control,1363.0,3.7,0,1
1545,49.2,Free,Control,3602.0,6.6,0,1
1546,32.6,Basic,Control,2611.0,4.6,0,1
1547,41.3,Free,Variant_B,1759.0,4.8,0,1
1548,47.2,Basic,Control,3275.0,8.1,1,1
1549,56.3,Basic,Control,3884.0,7.5,0,1
1550,35.2,Free,Variant_B,2452.0,6.1,0,1
1551,77.7,Basic,Control,1000.0,3.4,0,1
1552,56.1,Basic,Variant_B,2786.0,6.2,0,1
1553,58.1,Free,Control,2751.0,7.5,0,1
1554,61.4,Free,Variant_B,3321.0,5.5,0,1
1555,75.2,Free,Variant_B,3446.0,8.2,1,1
1556,53.7,Free,Control,2866.0,7.9,1,1
1557,62.6,Premium,Control,6603.0,9.7,3,1
1558,41.5,Free,Control,3395.0,6.6,0,1
1559,86.2,Basic,Variant_B,1930.0,6.5,1,0
1560,52.6,Free,Control,1336.0,7.6,0,1
1561,41.4,Free,Control,2909.0,6.6,0,1
1562,44.4,Premium,Control,4776.0,5.8,3,1
1563,29.6,Basic,Control,4368.0,5.8,1,1
1564,44.3,Free,Control,3577.0,6.6,1,1
1565,26.0,Free,Variant_B,2300.0,3.8,0,1
1566,64.0,Free,Control,2891.0,5.7,0,0
1567,57.5,Free,Control,3521.0,7.8,2,1
1568,38.1,Basic,Variant_B,4766.0,3.3,0,0
1569,50.0,Free,Variant_B,3888.0,8.6,1,1
1570,50.6,Free,Control,3749.0,7.9,0,1
1571,36.1,Free,Control,3338.0,5.4,0,1
1572,47.4,Premium,Control,5440.0,7.6,0,1
1573,51.1,Premium,Variant_B,6228.0,7.1,3,1
1574,47.1,Free,Control,1726.0,7.4,1,1
1575,41.4,Basic,Variant_B,2823.0,7.4,1,1
1576,37.7,Free,Variant_B,2473.0,3.7,0,0
1577,46.6,Free,Variant_B,3447.0,7.0,1,1
1578,42.8,Basic,Control,4375.0,6.1,0,1
1579,60.1,Premium,Control,4201.0,6.5,1,0
1580,76.7,Premium,Control,2075.0,4.6,0,1
1581,66.7,Basic,Control,2253.0,8.4,2,1
1582,51.6,Free,Variant_B,3882.0,7.9,0,1
1583,41.8,Basic,Variant_B,3701.0,5.1,0,1
1584,66.2,Free,Variant_B,3105.0,4.0,0,1
1585,61.2,Basic,Variant_B,2495.0,5.3,0,1
1586,74.9,Free,Control,1223.0,6.1,1,1
1587,53.7,Basic,Control,3440.0,6.5,1,1
1588,84.6,Free,Control,1474.0,7.4,0,1
1589,53.8,Free,Variant_B,5109.0,7.9,0,1
1590,41.8,Premium,Variant_B,5735.0,8.4,1,0
1591,43.9,Free,Variant_B,2542.0,6.3,1,1
1592,59.2,Basic,Control,2204.0,3.7,1,1
1593,42.7,Free,Control,3052.0,5.7,1,1
1594,84.4,Free,Variant_B,2073.0,7.3,1,1
1595,57.7,Free,Control,3962.0,6.2,2,1
1596,51.2,Free,Variant_B,3162.0,6.8,0,0
1597,52.5,Premium,Variant_B,4218.0,5.9,2,1
1598,46.9,Free,Variant_B,4952.0,5.1,0,1
1599,31.4,Premium,Control,5422.0,6.6,0,1
1600,43.9,Basic,Control,3891.0,6.8,0,1
1601,80.7,Free,Control,1777.0,4.6,1,1
1602,54.2,Basic,Control,3280.0,5.7,0,1
1603,69.2,Basic,Control,2927.0,4.6,1,1
1604,69.8,Basic,Variant_B,1000.0,7.0,0,1
1605,50.1,Free,Variant_B,5014.0,6.2,0,1
1606,61.6,Free,Control,4060.0,8.5,0,1
1607,32.2,Premium,Control,4960.0,8.9,0,1
1608,78.5,Premium,Control,3328.0,6.0,1,1
1609,76.3,Premium,Control,4822.0,5.1,2,1
1610,58.7,Free,Variant_B,2912.0,2.8,1,0
1611,54.8,Basic,Control,3260.0,3.9,1,1
1612,50.3,Free,Control,3186.0,4.0,1,1
1613,71.8,Free,Control,3070.0,8.1,0,1
1614,63.8,Free,Variant_B,4172.0,6.6,0,0
1615,23.8,Basic,Variant_B,4093.0,6.9,1,1
1616,45.5,Free,Control,2041.0,2.3,2,1
1617,36.5,Free,Variant_B,4633.0,4.7,1,1
1618,34.7,Premium,Variant_B,6946.0,8.6,3,0
1619,71.6,Free,Variant_B,5721.0,7.3,0,1
1620,50.0,Free,Control,1877.0,5.4,0,1
1621,58.4,Free,Variant_B,3074.0,6.9,0,1
1622,51.8,Premium,Variant_B,2881.0,8.4,1,1
1623,34.9,Basic,Variant_B,3856.0,6.0,1,1
1624,32.3,Free,Variant_B,2805.0,6.0,0,0
1625,44.6,Premium,Variant_B,7031.0,7.6,1,1
1626,45.7,Premium,Control,4312.0,10.0,1,0
1627,45.7,Free,Variant_B,1398.0,2.3,1,1
1628,46.0,Basic,Variant_B,2608.0,6.9,0,1
1629,93.2,Basic,Variant_B,1000.0,5.2,0,1
1630,68.9,Basic,Control,3374.0,7.0,1,1
1631,54.4,Free,Variant_B,1000.0,4.3,1,1
1632,49.6,Premium,Variant_B,5037.0,6.6,2,1
1633,50.1,Basic,Control,1000.0,6.4,0,1
1634,63.0,Free,Variant_B,2419.0,10.0,0,1
1635,49.5,Free,Variant_B,4654.0,7.8,0,1
1636,66.6,Free,Variant_B,3029.0,4.7,0,1
1637,56.2,Free,Control,2013.0,5.0,0,1
1638,93.5,Basic,Control,2098.0,5.0,1,1
1639,48.6,Free,Variant_B,3046.0,3.3,1,1
1640,70.5,Free,Control,3064.0,5.5,0,1
1641,37.3,Basic,Variant_B,1887.0,6.7,0,1
1642,42.1,Free,Control,3750.0,4.3,0,1
1643,89.0,Premium,Variant_B,1516.0,7.1,0,1
1644,65.7,Free,Control,2057.0,6.4,1,1
1645,58.8,Free,Variant_B,2337.0,4.7,0,1
1646,102.2,Free,Control,2590.0,5.7,0,1
1647,49.8,Free,Control,3027.0,8.4,1,1
1648,70.4,Free,Control,1186.0,6.5,0,1
1649,72.1,Basic,Control,1573.0,5.5,0,1
1650,82.1,Premium,Variant_B,4556.0,6.2,0,1
1651,36.2,Free,Variant_B,3197.0,6.2,0,1
1652,49.7,Basic,Control,2427.0,5.0,0,1
1653,55.9,Basic,Variant_B,2401.0,2.6,0,1
1654,81.6,Premium,Control,5063.0,9.8,0,0
1655,58.0,Free,Variant_B,2322.0,6.0,0,1
1656,72.2,Free,Variant_B,2469.0,6.4,0,1
1657,35.4,Free,Variant_B,5462.0,6.7,2,1
1658,46.4,Basic,Control,1649.0,4.4,0,1
1659,76.2,Premium,Variant_B,2624.0,5.6,0,1
1660,48.1,Free,Control,3821.0,3.9,0,1
1661,50.9,Free,Variant_B,2303.0,9.2,1,1
1662,81.2,Premium,Control,4058.0,4.5,2,1
1663,39.5,Premium,Variant_B,4430.0,4.9,1,1
1664,41.9,Premium,Variant_B,4902.0,6.0,0,0
1665,34.5,Basic,Variant_B,4909.0,8.6,0,1
1666,82.3,Free,Control,3156.0,6.1,0,1
1667,68.4,Basic,Variant_B,3493.0,4.3,1,1
1668,67.9,Basic,Control,1226.0,7.3,0,1
1669,46.0,Free,Variant_B,1929.0,6.7,0,1
1670,33.8,Basic,Control,1000.0,6.1,0,1
1671,31.6,Basic,Control,2559.0,6.9,0,1
1672,76.4,Free,Variant_B,3429.0,9.7,1,1
1673,60.0,Basic,Control,3318.0,9.4,0,1
1674,63.5,Basic,Control,2508.0,4.8,0,1
1675,55.1,Premium,Control,4876.0,9.1,2,1
1676,40.5,Free,Control,2500.0,6.4,1,1
1677,46.6,Free,Variant_B,3273.0,6.8,0,1
1678,37.9,Basic,Variant_B,4008.0,3.8,0,1
1679,36.7,Free,Control,1651.0,5.3,0,1
1680,66.6,Basic,Control,2967.0,4.8,1,1
1681,32.2,Basic,Control,4288.0,7.7,0,1
1682,37.9,Free,Control,2826.0,7.5,0,1
1683,47.4,Basic,Variant_B,3753.0,3.1,0,1
1684,52.3,Basic,Variant_B,5769.0,6.9,0,1
1685,34.4,Free,Control,3208.0,7.8,0,1
1686,32.0,Premium,Control,5753.0,6.6,0,0
1687,57.8,Premium,Control,4106.0,7.5,0,1
1688,54.2,Basic,Variant_B,3098.0,6.6,0,1
1689,75.9,Basic,Variant_B,2941.0,6.5,0,1
1690,52.6,Free,Control,3144.0,5.6,0,1
1691,59.6,Premium,Control,3788.0,4.4,1,1
1692,41.2,Basic,Variant_B,3383.0,4.4,1,1
1693,41.6,Basic,Variant_B,4630.0,7.6,0,1
1694,35.2,Premium,Control,5744.0,6.9,1,1
1695,41.3,Free,Control,4137.0,6.2,1,0
1696,46.4,Premium,Control,4835.0,6.0,3,1
1697,73.4,Free,Variant_B,3282.0,5.6,1,1
1698,39.6,Free,Control,3487.0,7.7,1,1
1699,95.0,Free,Control,1149.0,4.9,0,1
1700,61.2,Premium,Variant_B,5094.0,4.7,1,0
1701,57.3,Premium,Control,3862.0,7.4,1,1
1702,51.3,Basic,Variant_B,2340.0,5.5,1,1
1703,48.5,Basic,Control,3219.0,6.1,0,1
1704,42.9,Basic,Control,3438.0,8.6,0,1
1705,34.0,Premium,Variant_B,4130.0,6.3,1,0
1706,40.0,Free,Control,4255.0,6.9,0,1
1707,82.3,Free,Variant_B,2927.0,4.2,1,1
1708,60.0,Free,Variant_B,2094.0,5.4,0,1
1709,82.0,Basic,Control,1000.0,6.2,1,0
1710,42.6,Basic,Variant_B,3002.0,3.7,0,1
1711,37.6,Free,Control,2802.0,6.2,0,1
1712,51.2,Free,Variant_B,3089.0,6.2,1,1
1713,40.4,Premium,Control,4830.0,6.7,0,1
1714,54.3,Free,Variant_B,1000.0,6.9,0,1
1715,32.3,Basic,Control,2965.0,6.5,1,0
1716,28.8,Premium,Control,5118.0,8.9,1,1
1717,56.7,Free,Variant_B,3501.0,4.7,1,1
1718,83.0,Free,Variant_B,1641.0,5.8,0,1
1719,57.4,Basic,Control,4530.0,6.6,1,1
1720,59.9,Premium,Control,2891.0,4.4,1,1
1721,51.8,Basic,Variant_B,4275.0,7.9,0,1
1722,53.3,Premium,Variant_B,4710.0,10.0,0,0
1723,33.6,Free,Control,4187.0,6.4,1,0
1724,40.8,Basic,Control,3265.0,6.8,0,1
1725,73.2,Basic,Control,3677.0,6.4,0,1
1726,36.8,Premium,Variant_B,4877.0,5.6,2,1
1727,46.1,Free,Control,1979.0,2.9,0,0
1728,72.7,Premium,Control,5967.0,5.9,3,0
1729,52.9,Basic,Variant_B,2829.0,3.9,1,1
1730,53.7,Free,Control,3148.0,8.6,1,1
1731,46.2,Free,Control,4311.0,6.3,1,1
1732,62.6,Premium,Control,3716.0,5.7,0,1
1733,67.4,Free,Control,3248.0,7.4,0,1
1734,40.2,Free,Control,2607.0,4.2,0,1
1735,34.4,Free,Variant_B,3180.0,4.9,0,1
1736,30.0,Premium,Control,5472.0,6.9,1,1
1737,59.0,Basic,Variant_B,1320.0,7.0,0,1
1738,56.9,Basic,Variant_B,2083.0,6.4,0,1
1739,104.7,Free,Variant_B,3257.0,6.5,1,1
1740,51.9,Basic,Control,3848.0,6.4,0,1
1741,49.2,Basic,Control,2953.0,6.6,0,1
1742,54.9,Premium,Control,5146.0,7.0,3,1
1743,55.8,Premium,Control,4590.0,5.0,1,1
1744,48.1,Free,Control,4395.0,6.5,1,1
1745,40.5,Basic,Variant_B,2989.0,4.4,1,1
1746,51.1,Free,Control,3210.0,6.2,1,1
1747,50.5,Basic,Control,4135.0,5.7,0,1
1748,50.3,Free,Control,2217.0,9.5,0,1
1749,64.7,Free,Variant_B,4266.0,6.4,1,1
1750,50.8,Free,Control,1453.0,3.4,0,1
1751,34.6,Basic,Variant_B,4938.0,6.4,0,1
1752,42.3,Free,Control,2782.0,6.7,0,1
1753,47.9,Basic,Variant_B,2799.0,8.4,0,1
1754,51.5,Free,Variant_B,1079.0,4.5,0,0
1755,59.3,Free,Control,2358.0,3.4,0,1
1756,51.7,Basic,Control,1927.0,6.9,0,1
1757,29.0,Free,Control,2813.0,3.9,2,1
1758,35.6,Free,Control,3151.0,5.4,0,1
1759,60.6,Basic,Variant_B,3746.0,5.9,1,1
1760,47.5,Free,Variant_B,3257.0,6.0,0,1
1761,53.0,Free,Variant_B,3248.0,7.1,2,1
1762,45.8,Free,Variant_B,1988.0,4.6,0,1
1763,42.2,Premium,Control,4274.0,6.0,0,1
1764,46.3,Basic,Control,4873.0,6.6,0,1
1765,53.2,Basic,Variant_B,2202.0,6.0,0,0
1766,50.7,Basic,Control,4642.0,6.7,0,1
1767,67.2,Free,Variant_B,2412.0,6.5,0,1
1768,33.0,Free,Control,3343.0,7.4,1,1
1769,34.1,Basic,Control,4389.0,7.1,0,1
1770,47.4,Free,Variant_B,4324.0,7.1,2,1
1771,59.6,Free,Control,2698.0,3.5,0,1
1772,63.5,Free,Variant_B,2341.0,5.9,0,1
1773,42.7,Free,Variant_B,3090.0,6.7,0,1
1774,25.1,Premium,Variant_B,5837.0,8.0,0,0
1775,43.1,Free,Variant_B,4030.0,5.3,0,1
1776,57.0,Basic,Variant_B,2865.0,5.0,0,1
1777,50.4,Free,Variant_B,3610.0,5.3,0,0
1778,60.2,Premium,Control,6434.0,7.9,1,1
1779,72.3,Free,Control,2935.0,7.5,1,1
1780,48.3,Free,Variant_B,3345.0,5.5,0,1
1781,44.4,Basic,Control,1593.0,6.9,1,1
1782,39.0,Basic,Control,1000.0,5.5,0,1
1783,34.0,Free,Control,3708.0,6.0,1,1
1784,31.8,Free,Variant_B,3268.0,5.8,1,0
1785,41.6,Free,Variant_B,2654.0,7.0,1,0
1786,69.1,Free,Control,2863.0,6.4,0,1
1787,62.0,Free,Variant_B,2699.0,9.3,0,1
1788,43.8,Free,Variant_B,4251.0,5.1,1,1
1789,95.4,Free,Variant_B,2179.0,6.5,0,1
1790,42.3,Free,Variant_B,2406.0,5.0,0,0
1791,74.6,Basic,Variant_B,3499.0,4.9,0,1
1792,80.4,Premium,Control,4174.0,6.4,3,0
1793,58.1,Basic,Variant_B,3364.0,6.3,0,1
1794,41.5,Free,Control,2694.0,10.0,0,1
1795,45.4,Free,Variant_B,2441.0,5.5,0,1
1796,53.5,Premium,Variant_B,5013.0,5.0,1,0
1797,34.2,Free,Control,3328.0,6.5,0,1
1798,38.1,Free,Control,3718.0,3.1,1,1
1799,37.3,Basic,Variant_B,2986.0,5.9,0,1
1800,59.5,Basic,Control,1000.0,5.4,0,1
1801,72.1,Basic,Variant_B,2126.0,6.9,0,1
1802,62.8,Free,Control,3538.0,7.6,1,1
1803,68.2,Free,Control,2339.0,5.0,0,1
1804,40.5,Premium,Variant_B,4943.0,6.4,4,1
1805,46.0,Free,Variant_B,4066.0,5.2,0,1
1806,47.0,Basic,Variant_B,2348.0,4.1,1,1
1807,58.1,Basic,Control,1296.0,5.9,0,1
1808,41.9,Basic,Variant_B,3002.0,4.1,1,1
1809,66.8,Free,Variant_B,2180.0,5.1,1,0
1810,79.7,Free,Variant_B,1441.0,4.0,0,1
1811,59.0,Basic,Variant_B,2645.0,6.7,0,1
1812,45.5,Premium,Variant_B,5582.0,9.6,3,1
1813,39.5,Premium,Control,5200.0,4.8,1,1
1814,37.3,Free,Control,3561.0,3.4,0,1
1815,29.0,Free,Variant_B,5233.0,6.6,1,1
1816,47.4,Premium,Control,4708.0,6.6,0,1
1817,46.7,Basic,Variant_B,3345.0,6.4,1,1
1818,65.5,Premium,Control,4181.0,5.7,1,1
1819,42.6,Free,Variant_B,2301.0,5.5,0,1
1820,48.2,Basic,Variant_B,2451.0,6.4,0,1
1821,55.1,Basic,Control,2419.0,7.4,0,1
1822,58.7,Basic,Control,3186.0,3.1,0,1
1823,63.1,Free,Control,5087.0,6.1,0,0
1824,53.5,Free,Variant_B,2214.0,6.1,0,1
1825,34.7,Basic,Variant_B,2889.0,4.6,1,1
1826,57.1,Free,Control,2795.0,8.5,1,1
1827,41.8,Free,Variant_B,3560.0,5.2,0,0
1828,73.2,Premium,Control,4800.0,6.5,1,1
1829,51.0,Free,Control,4264.0,7.3,0,1
1830,54.4,Premium,Variant_B,2485.0,4.9,0,1
1831,107.9,Free,Control,1000.0,2.6,0,1
1832,63.4,Basic,Control,2235.0,5.1,0,1
1833,56.8,Premium,Control,5962.0,8.5,0,0
1834,48.6,Free,Control,1462.0,5.0,0,1
1835,35.4,Free,Control,1000.0,4.1,0,1
1836,47.6,Free,Control,3619.0,7.6,2,1
1837,39.4,Free,Variant_B,3455.0,5.7,2,1
1838,83.0,Basic,Control,1250.0,4.7,0,1
1839,57.0,Premium,Variant_B,3874.0,6.5,3,1
1840,72.3,Free,Control,1584.0,6.7,0,1
1841,42.3,Free,Control,3265.0,9.7,0,1
1842,40.2,Free,Variant_B,2570.0,7.1,0,1
1843,61.5,Basic,Variant_B,3264.0,7.8,2,1
1844,39.0,Free,Control,1000.0,4.6,0,1
1845,44.5,Basic,Variant_B,2253.0,4.2,1,1
1846,84.4,Basic,Variant_B,1187.0,5.5,0,1
1847,45.0,Basic,Variant_B,2844.0,6.1,0,1
1848,33.6,Free,Variant_B,2791.0,4.3,1,1
1849,30.6,Basic,Control,4185.0,6.1,0,1
1850,32.6,Free,Control,1489.0,6.1,0,1
1851,73.7,Free,Variant_B,2571.0,6.4,1,1
1852,43.0,Premium,Control,5698.0,7.7,1,0
1853,106.6,Basic,Variant_B,3724.0,6.7,1,1
1854,80.0,Free,Control,1919.0,4.9,0,1
1855,91.4,Free,Control,2497.0,5.1,0,1
1856,68.7,Free,Variant_B,1000.0,3.5,0,1
1857,60.5,Free,Control,1000.0,8.0,0,1
1858,39.8,Free,Variant_B,4049.0,6.4,0,1
1859,50.6,Free,Variant_B,2982.0,5.7,0,0
1860,62.4,Free,Variant_B,3931.0,4.9,0,1
1861,67.3,Basic,Variant_B,1280.0,9.8,0,1
1862,36.3,Basic,Variant_B,3795.0,4.7,0,1
1863,47.8,Basic,Variant_B,4912.0,6.0,2,1
1864,49.4,Free,Variant_B,3431.0,6.8,1,0
1865,48.9,Premium,Control,5299.0,7.7,3,1
1866,37.5,Premium,Control,5259.0,8.2,2,1
1867,87.5,Premium,Control,2679.0,8.6,0,0
1868,47.4,Premium,Control,6408.0,7.9,0,1
1869,38.2,Premium,Variant_B,4625.0,5.0,2,1
1870,88.3,Basic,Variant_B,2739.0,5.5,1,1
1871,80.0,Free,Variant_B,1000.0,5.8,0,1
1872,52.8,Basic,Control,1764.0,8.7,1,1
1873,30.6,Basic,Variant_B,4824.0,4.5,0,1
1874,44.1,Basic,Control,2770.0,7.7,0,1
1875,32.0,Basic,Variant_B,4813.0,6.9,1,0
1876,59.1,Free,Variant_B,2740.0,7.2,2,1
1877,43.3,Free,Control,1293.0,5.3,0,0
1878,50.3,Premium,Control,5887.0,5.7,1,0
1879,85.5,Basic,Control,1701.0,6.7,2,1
1880,42.4,Basic,Variant_B,3851.0,7.3,0,1
1881,58.3,Free,Variant_B,2860.0,7.4,0,1
1882,63.7,Free,Variant_B,1183.0,5.4,0,1
1883,73.0,Premium,Control,4705.0,5.7,1,1
1884,49.2,Basic,Control,5213.0,4.4,1,0
1885,47.7,Basic,Variant_B,3539.0,7.4,0,1
1886,47.4,Free,Variant_B,2995.0,6.6,1,1
1887,56.5,Basic,Control,3944.0,4.9,0,1
1888,78.8,Free,Control,2634.0,5.1,0,1
1889,46.7,Basic,Variant_B,3275.0,5.4,0,1
1890,26.0,Free,Control,2388.0,3.6,0,1
1891,65.9,Free,Control,2915.0,4.7,0,1
1892,51.7,Basic,Control,4002.0,4.6,1,0
1893,59.1,Premium,Variant_B,3982.0,5.7,0,1
1894,32.3,Free,Variant_B,4779.0,5.5,0,0
1895,43.3,Premium,Variant_B,5042.0,4.2,0,1
1896,64.2,Free,Variant_B,1828.0,8.6,0,1
1897,35.1,Free,Variant_B,4295.0,8.3,1,1
1898,58.2,Free,Control,2548.0,4.7,0,1
1899,50.1,Free,Variant_B,3757.0,6.7,0,0
1900,40.8,Basic,Control,2893.0,6.6,1,1
1901,39.9,Free,Variant_B,3143.0,7.8,0,1
1902,37.6,Free,Control,3742.0,5.0,1,1
1903,51.6,Premium,Control,5259.0,8.4,1,1
1904,53.4,Free,Control,1000.0,4.5,0,1
1905,45.4,Basic,Control,1970.0,3.7,0,1
1906,37.0,Free,Control,4190.0,7.5,1,1
1907,57.7,Basic,Control,2713.0,7.8,0,1
1908,66.3,Free,Variant_B,2150.0,9.6,0,1
1909,61.0,Free,Control,1422.0,3.7,0,1
1910,92.7,Free,Variant_B,1066.0,6.4,0,1
1911,48.0,Free,Variant_B,1019.0,4.7,1,1
1912,76.2,Free,Variant_B,2375.0,7.0,0,1
1913,41.8,Basic,Variant_B,2565.0,3.6,0,1
1914,40.0,Premium,Variant_B,4233.0,4.5,0,1
1915,52.6,Premium,Control,4881.0,5.5,0,1
1916,81.9,Basic,Control,2726.0,6.0,0,1
1917,46.4,Free,Control,5164.0,5.8,0,1
1918,32.3,Free,Variant_B,1843.0,6.6,0,1
1919,65.9,Free,Variant_B,3841.0,7.8,1,1
1920,49.5,Free,Control,3983.0,7.2,0,1
1921,55.4,Basic,Control,2113.0,8.1,0,1
1922,40.6,Basic,Variant_B,3392.0,6.8,0,1
1923,52.4,Free,Control,2494.0,4.0,0,1
1924,33.4,Free,Variant_B,3518.0,8.2,0,1
1925,88.0,Premium,Variant_B,5750.0,6.0,2,1
1926,69.9,Basic,Variant_B,3208.0,7.4,0,1
1927,51.7,Free,Variant_B,3475.0,8.5,0,1
1928,65.3,Premium,Variant_B,4263.0,7.1,2,1
1929,41.9,Premium,Control,3679.0,4.0,1,1
1930,68.8,Free,Variant_B,2415.0,4.4,0,1
1931,45.9,Free,Variant_B,4289.0,8.4,0,1
1932,44.9,Basic,Control,1574.0,5.3,0,1
1933,38.2,Premium,Control,4180.0,6.5,2,1
1934,57.5,Premium,Control,4976.0,7.8,0,1
1935,51.0,Free,Control,1995.0,6.7,0,1
1936,77.0,Free,Variant_B,1667.0,6.0,0,1
1937,37.1,Basic,Variant_B,2835.0,5.6,1,1
1938,57.6,Basic,Control,1483.0,5.0,0,1
1939,72.1,Free,Control,1584.0,6.8,0,1
1940,107.6,Premium,Variant_B,4552.0,7.3,1,1
1941,53.7,Basic,Control,1619.0,5.2,0,1
1942,45.6,Premium,Control,3490.0,7.8,0,1
1943,53.3,Premium,Variant_B,4304.0,6.2,1,1
1944,74.9,Basic,Variant_B,3234.0,4.8,0,1
1945,74.9,Free,Control,2305.0,4.6,2,1
1946,48.9,Basic,Control,2557.0,4.4,1,1
1947,74.5,Free,Control,2555.0,5.4,0,1
1948,50.3,Basic,Variant_B,1248.0,7.3,0,0
1949,65.1,Free,Variant_B,3193.0,4.9,1,1
1950,59.7,Basic,Control,3190.0,6.3,1,1
1951,45.1,Free,Variant_B,2689.0,4.9,1,1
1952,38.6,Free,Variant_B,4234.0,6.0,0,1
1953,72.7,Free,Control,1418.0,3.2,1,1
1954,79.5,Free,Control,3538.0,5.8,1,1
1955,57.2,Basic,Variant_B,3011.0,5.7,0,1
1956,50.3,Basic,Control,2657.0,6.7,0,1
1957,35.9,Basic,Control,3262.0,6.4,0,1
1958,72.1,Free,Variant_B,2450.0,4.0,1,1
1959,55.1,Free,Variant_B,4117.0,8.0,0,1
1960,46.9,Free,Variant_B,1985.0,6.0,0,1
1961,65.7,Free,Variant_B,1924.0,5.9,0,0
1962,34.2,Premium,Variant_B,6351.0,7.1,3,0
1963,37.8,Free,Control,2649.0,5.1,0,0
1964,41.5,Free,Variant_B,4071.0,6.7,0,1
1965,59.1,Free,Control,4518.0,7.2,0,0
1966,53.5,Free,Control,2529.0,3.2,2,1
1967,61.2,Basic,Variant_B,3457.0,5.3,0,1
1968,70.5,Basic,Variant_B,1437.0,5.1,1,1
1969,61.9,Free,Control,3516.0,6.6,0,1
1970,88.6,Free,Variant_B,2427.0,7.6,0,1
1971,70.4,Free,Control,3064.0,4.9,0,1
1972,48.9,Free,Control,2377.0,5.0,1,1
1973,43.2,Free,Control,1474.0,4.7,0,1
1974,49.3,Premium,Variant_B,5517.0,5.6,0,1
1975,62.6,Basic,Variant_B,1000.0,4.8,1,1
1976,44.5,Basic,Control,2792.0,7.1,0,1
1977,63.2,Free,Variant_B,3678.0,4.6,1,1
1978,60.9,Free,Control,2974.0,6.6,1,1
1979,38.5,Basic,Variant_B,5179.0,4.2,0,1
1980,70.0,Basic,Control,3625.0,5.4,1,1
1981,56.5,Basic,Control,2215.0,5.2,0,1
1982,87.1,Free,Variant_B,2285.0,8.3,0,1
1983,50.4,Basic,Control,2945.0,5.6,0,1
1984,46.3,Free,Control,1492.0,2.2,0,1
1985,37.2,Premium,Variant_B,4316.0,3.4,1,1
1986,37.0,Basic,Variant_B,2699.0,6.0,0,1
1987,67.2,Basic,Control,1000.0,6.3,0,1
1988,84.0,Free,Control,2368.0,6.4,0,1
1989,49.1,Basic,Control,2769.0,6.2,0,1
1990,48.2,Free,Variant_B,1364.0,7.2,0,1
1991,51.7,Free,Control,3369.0,5.3,0,1
1992,71.6,Free,Variant_B,3284.0,7.4,1,0
1993,38.6,Basic,Variant_B,3456.0,3.7,1,1
1994,54.4,Free,Control,2588.0,4.5,0,1
1995,67.7,Free,Control,3237.0,3.4,1,1
1996,58.8,Premium,Control,5503.0,6.4,1,0
1997,24.5,Free,Control,3818.0,6.2,1,1
1998,62.0,Basic,Variant_B,1935.0,5.8,2,1
1999,59.0,Free,Control,3096.0,6.1,1,1
2000,76.2,Free,Control,3672.0,4.8,1,1
